id,Category_Name,Enable,AddedBy,UpdatedBy,Delete_Request_By,Delete_Status,Time,Date,Month,Year,pFlag,pDesc,pCategoryid_Out
"36","gfd","0","0","0","2","Requested","","","","","","",""
"37","fgfg","0","0","0","2","Requested","","","","","","",""
"36","gfd","0","0","0","2","Requested","","","","","","",""
"29","65656","0","0","0","2","Requested","","","","","","",""
"30","qw","0","0","0","2","Requested","","","","","","",""
"31","54656","0","0","0","2","Requested","","","","","","",""
"32","5635","0","0","0","2","Requested","","","","","","",""
"33","333","0","0","0","2","Requested","","","","","","",""
"34","vcv","0","0","0","2","Requested","","","","","","",""
"35","vxcvdsf","0","0","0","2","Requested","","","","","","",""
"36","gfd","0","0","0","2","Requested","","","","","","",""
